Date,Expiry,Entry_Spot,ATM_Strike,Premium_Received,Premium_Paid_To_Close,Lot_Size,Expiry_PnL,Regime
2022-01-03,2022-01-06,36000.0,36000,99.65,1393.6,25,-32348.75,Unknown
2022-01-10,2022-01-13,36400.0,36400,1273.25,-1857.35,25,78265.0,Unknown
2022-01-17,2022-01-20,37000.0,37000,101.65,1621.8,25,-38003.75,Unknown
2022-01-24,2022-01-27,37100.0,37100,-286.3,1150.7,25,-35925.0,Unknown
2022-01-31,2022-02-03,37100.0,37100,-600.85,27.25,25,-15702.5,Unknown
2022-02-07,2022-02-10,37500.0,37500,998.2,-1099.45,25,52441.25,Unknown
2022-02-14,2022-02-17,37600.0,37600,-1387.65,-490.1,25,-22438.75,Unknown
2022-02-21,2022-02-24,37600.0,37600,107.55,1469.7,25,-34053.75,Unknown
2022-02-28,2022-03-03,37000.0,37000,96.95,-1457.75,25,38867.5,Unknown
2022-03-07,2022-03-10,36300.0,36300,139.6,186.35,25,-1168.75,Unknown
2022-03-14,2022-03-17,35400.0,35400,-21.3,100.5,25,-3045.0,Unknown
2022-03-21,2022-03-24,35700.0,35700,84.75,-59.0,25,3593.75,Unknown
2022-03-28,2022-03-31,35500.0,35500,91.7,104.25,25,-313.75,Unknown
2022-04-04,2022-04-07,35900.0,35900,123.65,51.4,25,1806.25,Unknown
2022-04-18,2022-04-21,36900.0,36900,-821.0,88.2,25,-22730.0,Unknown
2022-04-25,2022-04-28,36600.0,36600,-210.05,35.8,25,-6146.25,Unknown
2022-05-02,2022-05-05,36600.0,36600,30.5,338.2,25,-7692.5,Unknown
2022-05-09,2022-05-12,35800.0,35800,1157.6,1820.35,25,-16568.75,Unknown
2022-05-16,2022-05-19,34900.0,34900,-296.1,25.15,25,-8031.25,Unknown
2022-05-23,2022-05-26,34700.0,34700,-1995.75,-195.6,25,-45003.75,Unknown
2022-05-30,2022-06-02,34900.0,34900,-3.6,148.55,25,-3803.75,Unknown
2022-06-06,2022-06-09,35000.0,35000,80.85,514.55,25,-10842.5,Unknown
2022-06-13,2022-06-16,35000.0,35000,947.45,46.8,25,22516.25,Unknown
2022-06-20,2022-06-23,34200.0,34200,84.45,249.85,25,-4135.0,Unknown
2022-06-27,2022-06-30,34200.0,34200,-688.55,-47.7,25,-16021.25,Unknown
2022-07-04,2022-07-07,33900.0,33900,690.45,349.3,25,8528.75,Unknown
2022-07-11,2022-07-14,34300.0,34300,-1299.6,257.6,25,-38930.0,Unknown
2022-07-18,2022-07-21,34500.0,34500,2910.4,77.3,25,70827.5,Unknown
2022-07-25,2022-07-28,35000.0,35000,-413.6,305.6,25,-17980.0,Unknown
2022-08-01,2022-08-04,35700.0,35700,96.55,692.5,25,-14898.75,Unknown
2022-08-08,2022-08-11,36100.0,36100,-399.3,-443.9,25,1115.0,Unknown
2022-08-22,2022-08-25,37450.0,37400,-316.4,7.8,25,-8105.0,Unknown
2022-08-29,2022-09-01,37800.0,37800,365.65,106.55,25,6477.5,Unknown
2022-09-05,2022-09-08,38100.0,38100,16.0,-120.35,25,3408.75,Sideways
2022-09-12,2022-09-15,38500.0,38500,632.85,237.5,25,9883.75,Sideways
2022-09-19,2022-09-22,39000.0,39000,-123.6,-108.8,25,-370.0,Sideways
2022-09-26,2022-09-29,39100.0,39100,-85.8,1025.45,25,-27781.25,Sideways
2022-10-03,2022-10-06,39000.0,39000,-723.25,-409.3,25,-7848.75,Trending Up
2022-10-10,2022-10-13,39100.0,39100,-234.05,78.55,25,-7815.0,Trending Up
2022-10-17,2022-10-20,39000.0,39000,-1023.7,479.8,25,-37587.5,Trending Up
2022-10-24,2022-10-27,39000.0,39000,-15.0,137.25,25,-3806.25,Trending Up
2022-10-31,2022-11-03,39500.0,39500,-69.1,166.45,25,-5888.75,Trending Up
2022-11-07,2022-11-10,39600.0,39600,248.1,193.1,25,1375.0,Trending Up
2022-11-21,2022-11-24,40700.0,40700,80.35,-7250.5,25,183271.25,Trending Up
2022-11-28,2022-12-01,41400.0,41400,219.3,62.7,25,3915.0,Trending Up
2022-12-05,2022-12-08,41900.0,41900,-689.95,273.8,25,-24093.75,Sideways
2022-12-12,2022-12-15,42300.0,42300,73.35,96.15,25,-570.0,Sideways
2022-12-19,2022-12-22,42600.0,42600,-22.2,75.55,25,-2443.75,Sideways
2022-12-26,2022-12-29,42000.0,42000,113.25,-419.25,25,13312.5,Sideways
2023-01-02,2023-01-05,42500.0,42500,477.7,-1609.45,25,52178.75,Unknown
2023-01-09,2023-01-12,42400.0,42400,80.7,-19.45,25,2503.75,Unknown
2023-01-16,2023-01-19,42300.0,42300,81.55,-131.6,25,5328.75,Unknown
2023-01-30,2023-02-02,41700.0,41700,453.05,25.9,25,10678.75,Unknown
2023-02-06,2023-02-09,41300.0,41300,110.4,446.75,25,-8408.75,Unknown
2023-02-13,2023-02-16,41300.0,41300,1294.45,84.85,25,30240.0,Unknown
2023-02-20,2023-02-23,41300.0,41300,151.7,83.5,25,1705.0,Unknown
2023-02-27,2023-03-02,40800.0,40800,222.35,74.85,25,3687.5,Unknown
2023-03-06,2023-03-09,40900.0,40900,-71.8,-335.0,25,6580.0,Unknown
2023-03-13,2023-03-16,40700.0,40700,-546.8,-128.7,25,-10452.5,Unknown
2023-03-20,2023-03-23,40300.0,40300,15.15,6.25,25,222.5,Unknown
2023-04-03,2023-04-06,40200.0,40200,65.15,1724.95,25,-41495.0,Trending Up
2023-04-10,2023-04-13,40400.0,40400,65.3,-1268.95,25,33356.25,Trending Up
2023-04-17,2023-04-20,41100.0,41100,898.05,102.35,25,19892.5,Trending Up
2023-04-24,2023-04-27,41400.0,41400,234.9,-122.05,25,8923.75,Trending Up
2023-05-08,2023-05-11,42500.0,42500,-114.15,302.55,25,-10417.5,Sideways
2023-05-15,2023-05-18,42800.0,42800,124.4,165.15,25,-1018.75,Sideways
2023-05-22,2023-05-25,43000.0,43000,-1104.35,-7.75,25,-27415.0,Sideways
2023-05-29,2023-06-01,43300.0,43300,102.3,119.45,25,-428.75,Sideways
2023-06-05,2023-06-08,43550.0,43600,14.7,84.6,25,-1747.5,Unknown
2023-06-12,2023-06-15,43600.0,43600,102.15,518.85,25,-10417.5,Unknown
2023-06-19,2023-06-22,43500.0,43500,956.5,14.55,25,23548.75,Unknown
2023-07-03,2023-07-06,44100.0,44100,120.2,-978.5,15,16480.5,Unknown
2023-07-10,2023-07-13,44500.0,44500,95.6,-393.55,15,7337.25,Unknown
2023-07-17,2023-07-20,44500.0,44500,-354.9,-1655.9,15,19515.0,Unknown
2023-07-24,2023-07-27,45100.0,45100,-139.35,826.3,15,-14484.75,Unknown
2023-07-31,2023-08-03,45300.0,45300,778.85,72.5,15,10595.25,Unknown
2023-08-07,2023-08-10,45100.0,45100,-335.05,-1.0,15,-5010.75,Trending Down
2023-08-14,2023-08-17,44800.0,44800,-2222.55,49.45,15,-34080.0,Trending Down
2023-08-21,2023-08-24,44600.0,44600,1.5,74.85,15,-1100.25,Trending Down
2023-08-28,2023-08-31,44500.0,44500,90.25,-29.9,15,1802.25,Trending Down
2023-09-04,2023-09-07,44400.0,44400,-201.55,86.55,15,-4321.5,Sideways
2023-09-11,2023-09-14,44700.0,44700,43.2,350.85,15,-4614.75,Sideways
2023-09-18,2023-09-21,45200.0,45200,1041.2,86.1,15,14326.5,Sideways
2023-09-25,2023-09-28,45100.0,45100,115.15,-68.25,15,2751.0,Sideways
2023-10-09,2023-10-12,44800.0,44800,-4602.85,299.3,15,-73532.25,Trending Down
2023-10-16,2023-10-19,44700.0,44700,313.3,-0.6,15,4708.5,Trending Down
2023-10-23,2023-10-26,44400.0,44400,-756.3,292.9,15,-15738.0,Trending Down
2023-10-30,2023-11-02,43500.0,43500,120.15,94.85,15,379.5,Trending Down
2023-11-06,2023-11-09,43400.0,43400,292.2,115.95,15,2643.75,Trending Up
2023-11-13,2023-11-16,43500.0,43500,96.1,261.45,15,-2480.25,Trending Up
2023-11-20,2023-11-23,43600.0,43600,231.65,-706.6,15,14073.75,Trending Up
2023-12-04,2023-12-07,44300.0,44300,-746.35,-1402.4,15,9840.75,Trending Up
2023-12-11,2023-12-14,45500.0,45500,576.95,-66.6,15,9653.25,Trending Up
2023-12-18,2023-12-21,46100.0,46100,119.4,-229.2,15,5229.0,Trending Up
2024-01-01,2024-01-04,47100.0,47100,1582.25,637.45,15,14172.0,Unknown
2024-01-08,2024-01-11,47500.0,47500,-818.95,163.5,15,-14736.75,Unknown
2024-01-15,2024-01-18,47200.0,47200,25.05,992.75,15,-14515.5,Unknown
2024-01-29,2024-02-01,46200.0,46200,398.35,106.5,15,4377.75,Unknown
2024-02-05,2024-02-08,46200.0,46200,13.95,-95.4,15,1640.25,Unknown
2024-02-12,2024-02-15,46000.0,46000,333.15,97.2,15,3539.25,Unknown
2024-02-19,2024-02-22,46000.0,46000,840.5,96.8,15,11155.5,Unknown
2024-02-26,2024-02-29,46400.0,46400,100.3,85.6,15,220.5,Unknown
2024-03-04,2024-03-07,46400.0,46400,90.2,86.15,15,60.75,Sideways
2024-03-11,2024-03-14,46900.0,46900,1546.6,51.6,15,22425.0,Sideways
2024-03-18,2024-03-21,46800.0,46800,88.95,552.75,15,-6957.0,Sideways
2024-04-01,2024-04-04,46800.0,46800,469.05,159.95,15,4636.5,Trending Up
2024-04-15,2024-04-18,47800.0,47800,-2951.45,180.55,15,-46980.0,Trending Up
2024-04-22,2024-04-25,47600.0,47600,98.65,812.6,15,-10709.25,Trending Up
2024-04-29,2024-05-02,47900.0,47900,803.6,164.3,15,9589.5,Trending Up
2024-05-06,2024-05-09,48300.0,48300,324.6,116.15,15,3126.75,Unknown
2024-05-13,2024-05-16,48100.0,48100,347.4,-248.5,15,8938.5,Unknown
2024-05-27,2024-05-30,48200.0,48200,243.75,-321.0,15,8471.25,Unknown
2024-06-03,2024-06-06,48800.0,48800,187.75,-766.0,15,14306.25,Unknown
2024-06-10,2024-06-13,49000.0,49000,94.45,94.25,15,3.0,Unknown
2024-06-24,2024-06-27,50000.0,50000,-58.3,91.9,15,-2253.0,Unknown
2024-07-01,2024-07-04,51000.0,51000,136.35,66.35,15,1050.0,Sideways
2024-07-08,2024-07-11,51400.0,51400,-336.45,-1208.6,15,13082.25,Sideways
2024-07-15,2024-07-18,51600.0,51600,-42.75,183.5,15,-3393.75,Sideways
2024-07-22,2024-07-25,51700.0,51700,510.45,121.45,15,5835.0,Sideways
2024-07-29,2024-08-01,51200.0,51200,937.65,97.35,15,12604.5,Sideways
2024-08-05,2024-08-08,51300.0,51300,137.3,-24.0,15,2419.5,Sideways
2024-08-19,2024-08-22,50500.0,50500,75.65,105.25,15,-444.0,Sideways
2024-08-26,2024-08-29,50600.0,50600,57.1,-642.75,15,10497.75,Sideways
2024-09-02,2024-09-05,50850.0,50800,511.0,109.3,15,6025.5,Unknown
2024-09-09,2024-09-12,50900.0,50900,-1018.3,116.9,15,-17028.0,Unknown
2024-09-16,2024-09-19,51100.0,51100,137.35,395.85,15,-3877.5,Unknown
2024-09-23,2024-09-26,52250.0,52200,106.0,-36.5,15,2137.5,Unknown
2024-09-30,2024-10-03,52800.0,52800,79.5,72.25,15,108.75,Unknown
2024-10-07,2024-10-10,52500.0,52500,-289.0,45.75,15,-5021.25,Unknown
2024-10-14,2024-10-17,52150.0,52200,105.6,6.4,15,1488.0,Unknown
2024-10-21,2024-10-24,52100.0,52100,86.4,101.5,15,-226.5,Unknown
2024-10-28,2024-10-31,52050.0,52000,112.7,107.6,15,76.5,Unknown
2024-11-04,2024-11-07,52000.0,52000,-95.1,73.35,15,-2526.75,Unknown
2024-11-11,2024-11-14,52100.0,52100,102.15,81.1,15,315.75,Unknown
2024-11-18,2024-11-21,51900.0,51900,-1497.65,548.8,15,-30696.75,Unknown
2024-11-25,2024-11-28,51900.0,51900,865.95,-50.45,15,13746.0,Unknown
2024-12-02,2024-12-05,51850.0,51800,-3.15,-955.3,15,14282.25,Sideways
2024-12-09,2024-12-12,52250.0,52200,70.1,110.95,15,-612.75,Sideways
2024-12-16,2024-12-19,52250.0,52200,26.95,-528.5,15,8331.75,Sideways
2024-12-23,2024-12-26,52100.0,52100,50.05,83.3,15,-498.75,Sideways
